Ремонт телефонов,MobDoc,+79651488884,"Загородное ш., 15, корп. 1, Москва • со стороны дороги, этаж 1",5.0,https://mobdoc.clients.site
Ремонт телефонов,Mobilkod,+74957243707,"просп. 60-летия Октября, 29, корп. 1, Москва • Вход к нам с проезжей части, а не с торца! Со стороны метро последний крыльцо",4.9,
Ремонт телефонов,RecoveryPhone,+79309606956,"ул. Дмитрия Ульянова, 24, стр. 1, Москва • этаж цокольный",4.8,https://recoveryphone.clients.site
Компьютерные сервисы,PowerLine Group,+74956608657,"Нахимовский просп., 32, Москва • этаж 1",4.8,https://powerline.ru
Ремонт телефонов,Setka,+79009093082,"Варшавское ш., 26, стр. 5, Москва • этаж 1",4.8,
Ремонт телефонов,Гаджет мастер,+74957668622,"Профсоюзная ул., 15, Москва • этаж цокольный",5.0,https://gadgetsmaster.ru
Ремонт телефонов,Smart Service Нагатинская,+79670171100,"Нагатинская ул., 15, корп. 1, Москва",5.0,
Компьютерные сервисы,Dasmasters,+79840001833,"ул. Дмитрия Ульянова, 20, корп. 1, Москва • Метро: Академическая, этаж 3, офис 305",4.7,https://ihelperservice.site123.me
Ремонт телефонов,U-Gadgets,+79099367262,"просп. 60-летия Октября, 18, корп. 1, Москва • С торца здания. Цокольный этаж",5.0,https://u-gadgets.com
Ремонт бытовой техники,Samsung Сервис Центр,+74951362776,"Варшавское ш., 26, стр. 7, Москва • ТЦ For You, этаж 1",5.0,https://s-services-msk.ru
Ремонт телефонов,СервиС+,+74954899855,"просп. 60-летия Октября, 29, корп. 1, Москва • этаж цокольный",4.4,
Ремонт телефонов,МобиСервис,+79060049292,"ул. Дмитрия Ульянова, 18, корп. 1, Москва • этаж цокольный",4.6,
Ремонт телефонов,IFix-it,+74957985952,"ул. Вавилова, 66, Москва • павильон 403, этаж 4",5.0,https://ifix-it.ru
Ремонт телефонов,Сервис центр Самсунг 3Gzone,+74999384733,"Новочерёмушкинская ул., 57, Москва • этаж 1",5.0,https://3gservice.ru
Ремонт телефонов,REmont,+74993256217,"Каширское ш., 3, корп. 2, стр. 4, Москва • этаж 1",5.0,https://www.iremonton.ru
Ремонт телефонов,ФастСервис,+79851057161,"Нагорная ул., 32, корп. 1, Москва",4.9,https://fastservis-nagornaja-ulitsa.clients.site
Ремонт телефонов,Diy Service Community,+74959727316,"Нагатинская ул., 16, Москва • павильон 2-12, этаж 2",4.9,https://diy-service-community-konfety.clients.site
Ремонт телефонов,PartsDirect.ru,88005052805,"Нахимовский просп., 4, Москва • этаж 1",5.0,https://www.partsdirect.ru
Ремонт телефонов,PartsDirectService,+79263961682,"Нахимовский просп., 4, Москва • отдельный вход с улицы Нахимовский проспект, этаж 1",4.8,https://www.partsdirect.ru
Ремонт телефонов,Мастерская по ремонту сотовых телефонов,+74993722720,"ул. Каховка, 20, стр. 2, Москва • этаж 1",4.0,
Компьютерные сервисы,ILab Service,+79303332476,"Профсоюзная ул., 56, Москва • ст, павильон 1А-59, этаж 1",5.0,
Ремонт телефонов,СмартХэлп,+79671717919доб.89671717919,"Профсоюзная ул., 56, Москва • павильон 2Б-25, этаж 2",5.0,https://smarthelp.clients.site
Ремонт телефонов,Ремонт-смартфон.рф,+79654330888,"Профсоюзная ул., 56, Москва • павильон 2Ж-07, этаж 2",5.0,
Ремонт телефонов,Express Сервис,+79991114579,"Нагорная ул., 30, корп. 1, Москва",5.0,https://express-servis-1685377192.clients.site
Металлоремонт,Gsm-сервис,+79104466917,"Варшавское ш., 26, стр. 5, Москва • этаж 1",4.3,
